bahasa,aksara,kesepakatan StaticKD,kesepakatan fastText,n held-out,dok latih,situs latih,confidence teacher
es,Latin,0.9233333333333333,0.8866666666666667,300,8000,39,0.9724000096321106
eu,Latin,0.9074074074074074,0.9074074074074074,54,172,2,0.9682000279426575
bg,Cyrillic,0.8866666666666667,0.8433333333333334,300,8000,60,0.9609000086784363
az,Latin,0.8765432098765432,0.7407407407407407,81,548,5,0.9514999985694885
fa,Arabic,0.8733333333333333,0.78,300,5267,27,0.9441999793052673
ru,Cyrillic,0.8666666666666667,0.8266666666666667,300,8000,69,0.9311000108718872
en,Latin,0.8633333333333333,0.7966666666666666,300,8000,170,0.9467999935150146
ar,Arabic,0.86,0.7666666666666667,300,6549,29,0.9563000202178955
ro,Latin,0.8566666666666667,0.78,300,8000,81,0.9413999915122986
id,Latin,0.85,0.7233333333333334,300,6881,24,0.957099974155426
cs,Latin,0.8466666666666667,0.8066666666666666,300,8000,157,0.9354000091552734
de,Latin,0.8433333333333334,0.73,300,8000,84,0.9383000135421753
ky,Cyrillic,0.8421052631578947,0.6842105263157895,19,9,2,0.9642999768257141
sl,Latin,0.84,0.8033333333333333,300,9569,23,0.9485999941825867
el,Other,0.84,0.83,300,13000,41,0.9340000152587891
it,Latin,0.84,0.81,300,8000,166,0.9390000104904175
sv,Latin,0.8333333333333334,0.7633333333333333,300,8000,91,0.9430999755859375
mk,Cyrillic,0.83,0.7333333333333333,300,4075,13,0.960099995136261
hu,Latin,0.8266666666666667,0.73,300,8000,105,0.9415000081062317
fr,Latin,0.8266666666666667,0.76,300,8000,103,0.9527000188827515
zh,CJK/Thai/Myanmar,0.82,0.39666666666666667,300,3356,20,0.9460999965667725
ko,Other,0.82,0.7433333333333333,300,4400,13,0.9318000078201294
lt,Latin,0.8133333333333334,0.8033333333333333,300,2443,24,0.9556000232696533
sq,Latin,0.81,0.6833333333333333,300,4051,16,0.942799985408783
sk,Latin,0.81,0.7433333333333333,300,8000,393,0.9380999803543091
nl,Latin,0.8066666666666666,0.7233333333333334,300,8000,99,0.9236999750137329
pa,Indic,0.8055555555555556,0.19444444444444445,36,0,0,0.9569000005722046
hi,Indic,0.8033333333333333,0.5766666666666667,300,2724,10,0.9023000001907349
sw,Latin,0.8029197080291971,0.7226277372262774,137,1278,4,0.9527000188827515
ta,Indic,0.8,0.5142857142857142,35,76,2,0.9271000027656555
te,Indic,0.7972972972972973,0.43243243243243246,74,275,5,0.9348999857902527
no,Latin,0.7966666666666666,0.7166666666666667,300,5339,40,0.9175999760627747
vi,Latin,0.7966666666666666,0.7466666666666667,300,8000,43,0.9139999747276306
be,Cyrillic,0.7941176470588235,0.08823529411764706,34,24,2,0.9563000202178955
pt,Latin,0.7933333333333333,0.7966666666666666,300,8000,91,0.9498000144958496
ja,CJK/Thai/Myanmar,0.7933333333333333,0.7533333333333333,300,6257,64,0.927299976348877
fi,Latin,0.7866666666666666,0.7066666666666667,300,8000,83,0.914900004863739
bs,Latin,0.7857142857142857,0.9285714285714286,14,56,4,0.9685999751091003
ml,Indic,0.7837837837837838,0.1891891891891892,37,37,2,0.9649999737739563
pl,Latin,0.7766666666666666,0.71,300,8000,181,0.9128000140190125
uk,Cyrillic,0.7733333333333333,0.5833333333333334,300,8000,67,0.9070000052452087
sr,Latin,0.7733333333333333,0.76,300,5114,32,0.9293000102043152
th,CJK/Thai/Myanmar,0.7627906976744186,0.6325581395348837,215,1385,17,0.9333000183105469
gl,Latin,0.7566666666666667,0.6333333333333333,300,3162,30,0.9394999742507935
is,Latin,0.7443609022556391,0.6240601503759399,133,813,7,0.9408000111579895
tr,Latin,0.7433333333333333,0.6233333333333333,300,3444,15,0.9043999910354614
ca,Latin,0.74,0.72,300,11557,47,0.928600013256073
lv,Latin,0.7366666666666667,0.6433333333333333,300,3792,24,0.9204999804496765
hr,Latin,0.73,0.6266666666666667,300,11341,51,0.9147999882698059
my,CJK/Thai/Myanmar,0.7254901960784313,0.49019607843137253,51,205,2,0.9143999814987183
da,Latin,0.72,0.6366666666666667,300,7408,51,0.8974000215530396
et,Latin,0.72,0.5933333333333334,300,8000,102,0.9126999974250793
tl,Latin,0.7153846153846154,0.4076923076923077,130,961,6,0.9438999891281128
kn,Indic,0.7142857142857143,0.2857142857142857,14,42,2,0.9671000242233276
he,Other,0.7033333333333334,0.49333333333333335,300,5929,30,0.9079999923706055
mr,Indic,0.7,0.46,50,409,2,0.9074000120162964
gu,Indic,0.6966292134831461,0.5617977528089888,89,311,5,0.9089000225067139
ka,Other,0.6885245901639344,0.2786885245901639,61,485,8,0.8988999724388123
so,Latin,0.6875,0.5833333333333334,48,195,2,0.9372000098228455
hy,Other,0.675,0.3,40,18,1,0.9138000011444092
af,Latin,0.6333333333333333,0.5666666666666667,30,120,1,0.9251999855041504
kk,Cyrillic,0.625,0.5,16,20,5,0.9761999845504761
cy,Latin,0.5979381443298969,0.5051546391752577,97,724,5,0.9272000193595886
ur,Arabic,0.47368421052631576,0.5789473684210527,19,49,3,0.9355999827384949
ms,Latin,0.47058823529411764,0.4117647058823529,17,46,2,0.9122999906539917
am,Other,0.4,0.2,5,20,1,0.9039000272750854
ne,Indic,0.25,0.0,4,20,2,0.8826000094413757
ps,Arabic,0.2222222222222222,0.0,9,38,1,0.883400022983551
