label,Teacher XLM-R-large (ONNX int8),StaticKD (usulan),"fastText + KD, subword, quantized",gap StaticKD - teacher
"arts, culture, entertainment and media",0.8650519031141869,0.8040540540540541,0.7857142857142857,-0.060997849060132836
"conflict, war and peace",0.6829268292682927,0.6857142857142857,0.6842105263157895,0.0027874564459929863
"crime, law and justice",0.8672566371681416,0.782608695652174,0.7758620689655172,-0.08464794151596766
"disaster, accident and emergency incident",0.875,0.8607594936708861,0.7764705882352941,-0.014240506329113889
"economy, business and finance",0.8436018957345972,0.7532467532467533,0.7161572052401747,-0.09035514248784393
education,0.8888888888888888,0.8059701492537313,0.7874015748031497,-0.0829187396351575
environment,0.8059701492537313,0.7096774193548387,0.7213114754098361,-0.09629272989889259
health,0.9565217391304348,0.8764044943820225,0.8297872340425532,-0.08011724474841231
human interest,0.7402597402597403,0.6122448979591837,0.620253164556962,-0.1280148423005566
labour,0.7777777777777778,0.7272727272727273,0.8,-0.0505050505050505
lifestyle and leisure,0.6666666666666666,0.45161290322580644,0.3333333333333333,-0.2150537634408602
politics,0.8612099644128114,0.8304498269896193,0.7670250896057348,-0.030760137423192058
religion,0.8,0.7333333333333333,0.6153846153846154,-0.06666666666666676
science and technology,0.8636363636363636,0.6829268292682927,0.6666666666666666,-0.1807095343680709
society,0.696969696969697,0.625,0.5573770491803278,-0.07196969696969702
sport,0.987012987012987,0.9396825396825397,0.9400630914826499,-0.047330447330447334
weather,0.8888888888888888,0.8888888888888888,1.0,0.0
