group,config,dev,llm_test,ccnews
baseline,L=1024,0.7511674877617139,0.7401696262663429,0.7999852387630083
truncate,L=64,0.6369581068076574,0.651389828992337,0.7007159199940955
truncate,L=128,0.6884240279363886,0.6931641472643593,0.7528968927596132
truncate,L=256,0.7246147994439996,0.6897464524930326,0.7839692966270574
truncate,L=384,0.7608996823246931,0.7212048667004779,0.8004280758727581
truncate,L=512,0.7528756817531134,0.7132489883677183,0.8029374861613403
truncate,L=768,0.7498679246195624,0.7247186313255991,0.8004280758727581
truncate,L=2048,0.7511674877617139,0.7398517686041717,0.8002804635028415
position,k=16 alpha=0.5,0.7520516997087309,0.7512830860014379,0.801387556277216
position,k=16 alpha=1.0,0.7417093807122636,0.7485420122909043,0.8018303933869658
position,k=16 alpha=2.0,0.749430061664965,0.7333970576233406,0.8015351686471326
position,k=32 alpha=0.5,0.7494785693350248,0.742745658795205,0.8030112923462986
position,k=32 alpha=1.0,0.7433910322535143,0.7446554127002871,0.8033065170861318
position,k=32 alpha=2.0,0.7436153064617841,0.7389131023805352,0.802863679976382
position,k=64 alpha=0.5,0.7578165006902554,0.7440204505671156,0.8032327109011735
position,k=64 alpha=1.0,0.7494135804739848,0.7389426353422996,0.8044136098605064
position,k=64 alpha=2.0,0.7323164827962976,0.733758510760994,0.8046350284153813
idf,idf^0.5,0.7490443803863075,0.7377688471400576,0.8066277954092553
idf,idf^1.0,0.7452033920054772,0.7433975927800393,0.8064801830393387
idf,idf^2.0,0.730163056347346,0.7361910780734204,0.8032327109011735
bias,5-fold CV on dev,0.7206963364893674,0.7466029470027009,0.7872905749501808
