set,model,score,diff,ci_lo,ci_hi,p
dev,static_final_table,0.7511674877617139,,,,
dev,static_final_ens3_table,0.7531164755071811,0.0019489877454671456,-0.008643243716030488,0.012746100024383436,0.722
dev,x_tau1_table,0.753553039779688,0.0023855520179740797,-0.02349189571655835,0.027771612079428118,0.876
dev,x_tau1_s1_table,0.7563804027927791,0.005212915031065135,-0.019496758941040897,0.02841549511475192,0.655
dev,x_tau1_s2_table,0.7559410121361347,0.004773524374420801,-0.018846232848490012,0.028622738050568284,0.68
dev,x_tau1_ens3_table,0.760986010941418,0.009818523179704108,-0.014813520855385556,0.03365020955568561,0.433
dev,x_conf1_table,0.7548761461826081,0.003708658420894184,-0.0016508537043540743,0.010228552209137355,0.214
dev,x_len512_table,0.7576184311111777,0.0064509433494637225,-0.012114279869803821,0.023910711668052642,0.454
dev,x_tokw_idf_table,0.7475011625915523,-0.003666325170161633,-0.01668437648242758,0.007579833183238835,0.545
dev,x_tokw_learn_table,0.742047600595918,-0.009119887165795926,-0.038769875007848585,0.020805470091475563,0.494
dev,x_gpt1_table,0.7361244186892608,-0.015043069072453119,-0.03519731972861576,0.004627311565589094,0.158
dev,x_tau4_table,0.7237019618097733,-0.027465525951940628,-0.051930187598041876,-0.005499398129800054,0.02
llm_test,static_final_table,0.7401696262663429,,,,
llm_test,static_final_ens3_table,0.7220146463217367,-0.01815497994460613,-0.04690449391848758,0.007131139351781411,0.173
llm_test,x_tau1_table,0.7311760941802016,-0.008993532086141287,-0.05416762970792304,0.04729105273588313,0.771
llm_test,x_tau1_s1_table,0.7563649009371023,0.01619527467075943,-0.026658644033071353,0.07374490884836599,0.457
llm_test,x_tau1_s2_table,0.7564534038866118,0.01628377762026889,-0.028038144767716423,0.07402138616945934,0.45
llm_test,x_tau1_ens3_table,0.7447259630342457,0.004556336767902791,-0.039910585856767516,0.06161184495728564,0.792
llm_test,x_conf1_table,0.7346719960401804,-0.005497630226162453,-0.025930691749716517,0.01045160452730744,0.595
llm_test,x_len512_table,0.7060432698634986,-0.03412635640284423,-0.07016923327501265,0.0004706472695686829,0.053
llm_test,x_tokw_idf_table,0.7373771282247963,-0.002792498041546576,-0.020918193798856018,0.014046478723070872,0.748
llm_test,x_tokw_learn_table,0.7148349379428746,-0.025334688323468302,-0.07172838248228376,0.034080138484476566,0.326
llm_test,x_gpt1_table,0.7196045769707444,-0.020565049295598437,-0.06021597096136953,0.03202078058280498,0.425
llm_test,x_tau4_table,0.7040268787943891,-0.036142747471953784,-0.06970249656726608,-0.004403199008487101,0.028
ccnews,static_final_table,0.7999852387630083,,,,
ccnews,static_final_ens3_table,0.8030112923462986,0.0030260535832903335,0.0005517012325633398,0.005387851501955865,0.012
ccnews,x_tau1_table,0.807808694368588,0.007823455605579732,0.003465200383792158,0.011995350210347623,0.004
ccnews,x_tau1_s1_table,0.8085467562181711,0.00856151745516276,0.0039467857406451316,0.012954830614805542,0.0
ccnews,x_tau1_s2_table,0.8079563067385047,0.007971067975496404,0.0038379216178315856,0.012585799690014084,0.0
ccnews,x_tau1_ens3_table,0.8112775850616282,0.01129234629861986,0.007194257878810198,0.015464240903387692,0.0
ccnews,x_conf1_table,0.7988781459886338,-0.0011070927743744852,-0.0026570226584988225,0.00036903092479145805,0.156
ccnews,x_len512_table,0.8031589047162152,0.0031736659532068945,-0.0013672595763525085,0.0077145914827662435,0.136
ccnews,x_tokw_idf_table,0.8010923315373828,0.0011070927743744852,-0.0006291977267695342,0.0028784412133736614,0.232
ccnews,x_tokw_learn_table,0.8014613624621744,0.0014761236991660542,-0.002695770905601891,0.006459886338475191,0.44
ccnews,x_gpt1_table,0.7966639604398849,-0.0033212783231234555,-0.006902723448224934,0.0002601668019780218,0.076
ccnews,x_tau4_table,0.7918665584175953,-0.008118680345412965,-0.011808989593327938,-0.0041331463576647605,0.0
