model,dev_macro_f1,dev_micro_f1,llm_test_macro_f1,llm_test_micro_f1,ccnews_macro_f1,ccnews_micro_f1,latency_ms_p50_1t,latency_ms_p50_4t,docs_per_sec_1t,docs_per_sec_4t,rss_peak_mb_1t,rss_peak_mb_4t,size_mb
teacher_xlmr_large_onnx_int8,0.8275082428343064,0.86,0.8359161759867062,0.8375,,,912.751,329.074,0.62,2.08,2125.1,2238.6,536.74
teacher_xlmr_large,0.8201974398212729,0.858,0.8302103145356924,0.83125,,,2600.272,1083.342,0.22,0.59,3400.7,3417.8,2135.93
minilm_l6_kd_onnx,0.7630342345379751,0.801,0.7485203215800463,0.765625,0.779274901239817,0.8144512510148351,70.554,43.263,12.45,20.62,1574.0,1580.6,408.29
static_final_table,0.7511674877617139,0.793,0.7401696262663429,0.74375,0.7630612953539714,0.7999852387630083,1.935,1.697,446.59,1683.19,764.9,769.0,33.98
static_final_table_compact10,0.7511674877617139,0.793,0.7302056988021391,0.7375,0.7513986242772023,0.7888405048343051,1.682,1.579,567.47,2190.66,540.1,543.8,23.18
static_final_table_compact50,0.7492886377574103,0.791,0.714141344008397,0.725,0.7304929696699931,0.7728983688833124,,,,,,,
static_potion_kd_tdrop_pruned5,0.7459017384821611,0.786,0.7371648937808591,0.740625,0.7514459384555096,0.7879548306148055,,,,,,,
static_potion_kd_tdrop,0.7459017384821611,0.786,0.7368251504888406,0.740625,0.7624463665804939,0.7962949295150934,,,,,,,
static_potion_kd_tdrop_pruned2,0.7459017384821611,0.786,0.7368251504888406,0.740625,0.7581014732108324,0.7926784264521367,,,,,,,
static_potion_kd_tdrop_table,0.7459017384821611,0.786,0.7368251504888406,0.740625,0.7624463665804939,0.7962949295150934,,,,,,,
static_potion_kd_mlp,0.7394830372101097,0.784,0.7356730193987988,0.740625,0.7651015473908302,0.8007971067975497,,,,,,,
static_potion_kd_tdrop_seed1,0.7392498080441279,0.782,0.7316172233478833,0.740625,0.7595552318510064,0.7935641006716363,,,,,,,
static_potion_kd,0.7316635734245717,0.779,0.723105026995969,0.734375,0.753834533707955,0.7911284965680124,,,,,,,
static_potion_kd_mlp_tdrop,0.7294648615583076,0.776,0.7288507100149794,0.7375,0.7643527634487403,0.8007233006125913,,,,,,,
ft_teacher_subword_q,0.7280598805256995,0.764,0.6557288574887434,0.66875,0.640724414476763,0.6982065097055133,1.358,1.524,638.75,1536.77,565.6,566.0,18.03
static_teacherdist_kd,0.7261043863907315,0.787,0.6416215308684656,0.665625,0.6971995290083945,0.7482471031072404,,,,,,,
ft_teacher_subword,0.7214253095427231,0.767,0.6417162174451041,0.675,0.6376823395228158,0.7006421138091372,,,,,,,
static_potion_emm_only,0.7175048533387496,0.775,0.6290599056199205,0.65,,,,,,,,,
ft_teacher_word,0.7174502424531157,0.764,0.6185308954592977,0.665625,0.6514840162016158,0.7108273673333826,,,,,,,
ft_gpt_subword,0.680842607181319,0.734,0.130629013060944,0.225,,,,,,,,,
ft_gpt_word,0.6517388780944917,0.738,0.11760142914153573,0.221875,,,,,,,,,
minilm_l6_kd_onnx_int8,0.6327991608466347,0.725,0.6100497366213614,0.66875,,,,,,,,,
